Without Correlation,With Correlation,Accuracy,Precision,Recall,F1,AUC
15,14,0.9584210526315788,0.9554176265555647,0.9247625508819537,0.9390007049672899,0.9843805390115442
16,14,0.9663157894736842,0.9690524854025406,0.9337630031659883,0.9501157569224935,0.988841143595377
17,15,0.9673684210526317,0.9734551965750017,0.9322930800542741,0.951657268234231,0.9898256397897501
18,16,0.9726315789473686,0.9668473995027442,0.9549072817729535,0.9603212698574355,0.9921194244249747
19,16,0.9726315789473684,0.9712253754754251,0.9504070556309362,0.9600226735234587,0.9934927723516742
20,19,0.9763157894736842,0.9773445728325504,0.9549298959746721,0.9654010766314979,0.9932302759146119
21,20,0.9747368421052632,0.9743082018129456,0.9534147444595206,0.9631679569169853,0.9942104796808462
22,21,0.9752631578947369,0.977185557117869,0.9519222071460878,0.9638873493621203,0.9942152791937602
