Accuracy,Precision,Recall,F1,AUC
0.7998169107856192,0.8424417214728303,0.5496323529411764,0.6648352782388844,0.7456373316550001
0.7998169107856192,0.8424417214728303,0.5496323529411764,0.6648352782388844,0.8386698850175509
0.7996837549933422,0.8419659694777412,0.5496323529411764,0.6646838785241019,0.8434134259294792
0.8136491769838796,0.8220966828773877,0.6191176470588236,0.7060596599050932,0.8542328381802878
0.8137819786384112,0.8363840306416384,0.6036764705882354,0.700883958031862,0.8587933015064063
0.8550174235770746,0.864221134339234,0.7113970588235293,0.7800421124812773,0.8870739366825802
0.8547516431991389,0.8641256025267691,0.7106617647058824,0.7795110934287961,0.8880154246425868
0.8567473864634388,0.8650170733030207,0.7161764705882353,0.7832023006590598,0.8935564152428978
0.8604718531319943,0.857665729377457,0.7367647058823529,0.7924152427696777,0.8975050481113636
0.8647280576252939,0.8666533702074493,0.7400735294117646,0.7982002956523814,0.9030767207391829
0.8680539422613819,0.8975704176091238,0.7172794117647059,0.7970814060947782,0.9073215475843261
0.8696498640111058,0.8955053264470051,0.7242647058823529,0.8006652782392759,0.9093411678998322
0.8692511049097658,0.8919536219598225,0.7268382352941176,0.8007812355278816,0.9106661804041816
0.8687186588095305,0.8907520861043976,0.726470588235294,0.8000362663058347,0.9113681341208195
0.8691175949797433,0.8891337147234649,0.7294117647058822,0.8011709899704792,0.9135576257022903
0.8696496869422331,0.8896843176220539,0.7305147058823529,0.802051991535139,0.9142504601984323
0.8755026985296201,0.8897971735348522,0.7488970588235293,0.8130403629986451,0.9179623019451778
0.8822863841119641,0.8894301513798227,0.7705882352941178,0.8255884661081646,0.9208209880866491
0.8820206037340285,0.8892924358229001,0.7698529411764706,0.8251183398182897,0.9203583647381187
