Without Correlation,With Correlation,Accuracy,Precision,Recall,F1,AUC
30,29,0.9511854761027848,0.9551770942015299,0.9077205882352942,0.9307476444331643,0.9819397355921753
31,30,0.9513182777573166,0.9563032512682321,0.9069852941176471,0.9308555383747092,0.9824141093513346
32,31,0.9523822846134232,0.9581530335044249,0.9080882352941178,0.9323531406165347,0.9826760802670493
33,32,0.9542448720854464,0.9612281989479549,0.9102941176470587,0.9349577108746592,0.9834070218477529
34,33,0.9546443394622773,0.9619664155106289,0.9106617647058822,0.9355127680921191,0.9837575617734047
35,34,0.9538459359152338,0.9586612200507787,0.9117647058823529,0.9345404517482949,0.9843070935478837
