Accuracy,Precision,Recall,F1,AUC
0.9546448706688953,0.9616214434042598,0.9110294117647058,0.9355378805096773,0.9844021841676389
0.9571716434824488,0.9608967531552299,0.9191176470588236,0.9394172296012846,0.9839135127563552
0.9574376009292573,0.9636956221476852,0.9169117647058822,0.9396390403254904,0.9839782907226045
0.9583686290619597,0.962811461353153,0.9205882352941176,0.9411280571541812,0.9842002661091838
0.9589016063688132,0.9646340719631853,0.9202205882352942,0.9418000842677978,0.9850691416963444
