Without Correlation,With Correlation,Accuracy,Precision,Recall,F1,AUC
18,14,0.948522714394991,0.9431308805532248,0.9132352941176471,0.9276336816726645,0.9814379897803327
19,16,0.9531785633339945,0.9579719411694974,0.9110294117647058,0.9335790728553262,0.9831329831156108
20,17,0.9559721789387201,0.9576403456601493,0.9194852941176471,0.937868856522039,0.9846404623794978
21,18,0.9577010794118481,0.9571081505335428,0.925,0.9405051436620069,0.9868530950023539
22,19,0.9598290931240616,0.9632971065434045,0.9246323529411764,0.9433106504896622,0.9880652397637029
23,20,0.9607597671190188,0.9651086798195276,0.9253676470588236,0.9445767237620035,0.9877055142581564
24,21,0.9646170354421055,0.9686370390764034,0.9327205882352942,0.9501142512965485,0.9895337276840539
25,21,0.9650159716123184,0.9694246563210379,0.9330882352941178,0.9506912749204289,0.9896154193018543
