Without Correlation,With Correlation,Accuracy,Precision,Recall,F1,AUC,,
,,,,,,,,
18,14,0.948522714,0.943130881,0.913235294,0.927633682,0.98143799,,
,,,,,,,,
19,16,95.3178563,95.7971941,91.1029412,0.9336,0.9831,,
,,97.38,98.07,94.63,0.9631,0.9941,,
20,17,95.60,95.76,91.95,0.9379,0.9846,,
21,18,95.77,95.71,92.50,0.9405,0.9869,,
22,19,95.98,96.33,92.46,0.9433,0.9881,,
23,20,96.08,96.51,92.54,0.9446,0.9877,,
24,21,96.46,96.86,93.27,0.9501,0.9895,,100
25,21,96.50,96.94,93.31,0.9507,0.9896,,
