Accuracy,Precision,Recall,F1,AUC
0.9678947368421053,0.97394866847124,0.9338308457711444,0.9532053564323342,0.9883211859841057
0.9721052631578948,0.9727671375386364,0.9473315241971957,0.959567185271365,0.9902212170675128
0.9726315789473684,0.9726577576151951,0.9488919041157848,0.9603475611071509,0.9903973778735248
0.9789473684210528,0.9761437428522519,0.9639303482587064,0.9696829430634262,0.9943210486264054
0.9757894736842105,0.9713594633179454,0.9594075079149704,0.9651029915099173,0.9944819234953192
0.9763157894736842,0.9716162619682862,0.9608774310266845,0.9659075061885349,0.9949954580327744
0.9757894736842105,0.9747313336708828,0.9563545906829489,0.9650689684063216,0.9944144656518565
0.9768421052631581,0.9717516709838868,0.9623473541383987,0.9666545198407015,0.9955996206294186
0.976315789473684,0.9732907173841845,0.9593622795115333,0.9658201342886332,0.9941017166687839
0.976842105263158,0.9746797350288802,0.9593848937132521,0.966551029797048,0.9960844492756873
0.976842105263158,0.974595815563734,0.9593848937132521,0.9664461757550367,0.9960913616418303
