Accuracy,Precision,Recall,F1,AUC
0.9712711066096269,0.9733989245145909,0.9466911764705881,0.9597191471781855,0.9933082079060748
0.9728666742216052,0.9763769377641477,0.9481617647058822,0.9619005929355643,0.9931386076742805
0.9735320990452447,0.9770979254569532,0.9492647058823529,0.9628248041461129,0.9937675644533648
0.9759262472731394,0.9780660043402902,0.9551470588235293,0.9663134004989379,0.9934249844575096
0.9767244737513103,0.9805636534156685,0.9547794117647059,0.9673677234571733,0.9936492520416309
0.9765907867524153,0.9787676602715658,0.95625,0.9672467108443424,0.9935203333192619
0.9764583392356292,0.9777457956163037,0.9569852941176471,0.9670865062198958,0.9934604139803103
0.9767239425446922,0.9791064987258726,0.95625,0.9674113065582896,0.9936543713094581
0.9771235869903956,0.9795018381112669,0.9569852941176471,0.9679848359794386,0.9936585231691841
0.9764579850978835,0.9781052205282916,0.9566176470588236,0.967058390272349,0.9939331239574379
