Without Correlation,With Correlation,Accuracy,Precision,Recall,F1,AUC
34,33,0.9546443394622773,0.9619664155106289,0.9106617647058822,0.9355127680921191,0.9837575617734047
35,34,0.9538459359152338,0.9586612200507787,0.9117647058823529,0.9345404517482949,0.9843070935478837
36,35,0.9566397285888317,0.9614740742622352,0.9169117647058824,0.9385653399578489,0.9839963021025216
37,36,0.9570386647590446,0.9618775405160285,0.9176470588235294,0.9391530729823877,0.9843112709919563
38,37,0.9582361815451736,0.963093100553461,0.9198529411764707,0.9408840149727574,0.9840039150446189
